{
  "n_sentences": 206,
  "K": 4,
  "exp1_entropy_by_regime": {
    "mean": {
      "0": 0.3546508867558324,
      "1": 0.4172657606378198,
      "2": 0.37085485471669183,
      "3": 0.3167673339235729
    },
    "median": {
      "0": 0.27278947830200195,
      "1": 0.4158695489168167,
      "2": 0.3223106861114502,
      "3": 0.2463044971227646
    },
    "std": {
      "0": 0.25110116058926707,
      "1": 0.26277860560983146,
      "2": 0.25615005844837907,
      "3": 0.26085558584448376
    },
    "count": {
      "0": 56,
      "1": 50,
      "2": 44,
      "3": 56
    }
  },
  "exp2": {
    "mean_entropy_at_transition": 0.34134046523831785,
    "mean_entropy_non_transition": 0.37110170629417555
  },
  "exp4_correlation": 0.8184502487115113,
  "exp7_base_vs_finetuned": {
    "mean_entropy_reduction_overall": 0.3636247239395549,
    "n_valid_pairs": 206,
    "entropy_reduction_by_regime": [
      0.3199871090707802,
      0.40943149853497746,
      0.4448031595456996,
      0.30258037637187435
    ]
  }
}