state,mean,median,std,count
0,0.3546508867558324,0.27278947830200195,0.25110116058926707,56
1,0.4172657606378198,0.4158695489168167,0.26277860560983146,50
2,0.37085485471669183,0.3223106861114502,0.25615005844837907,44
3,0.3167673339235729,0.2463044971227646,0.26085558584448376,56
