from_state,to_state,mean_entropy,count
0,0,0.3585505088598564,29
0,1,0.1933828115463257,5
0,2,0.35842085712485844,9
0,3,0.20757860615849494,10
1,0,0.3414099168564592,7
1,1,0.3086279593408108,28
1,2,0.5180184588982508,13
1,3,0.3868000403046608,5
2,0,0.3993090472438119,11
2,1,0.41048655205653023,12
2,2,0.3997359395958483,20
2,3,0.42102754386988556,11
3,0,0.26995998496204265,8
3,1,0.2441876514681748,7
3,2,0.47346612960100176,10
3,3,0.4185766112059355,16
