regime,transition_entropy_bits,mean_sentence_entropy
0,1.3392670135167082,0.3546508867558324
1,1.3807400139786639,0.4172657606378198
2,1.1994429035508267,0.37085485471669183
3,0.6337091251311106,0.3167673339235729
