stage,0,1,2,3
ACTIVE_COMPUTATION,0.27202049405737355,0.3923729956150055,0.22123458981513977,0.1993404726722631
FACT_RETRIEVAL,0.3134680374161057,0.3839013367181733,0.3586201384584586,0.3202730525285006
FINAL_ANSWER_EMISSION,0.09300944898086527,0.2752857009569804,,0.4625142216682434
PLAN_GENERATION,0.44721074402332306,0.3206185819581151,0.3772939592599869,0.3871574606746435
PROBLEM_SETUP,0.16244415442148843,0.5551562930146853,0.4110194221138954,0.12970462441444397
RESULT_CONSOLIDATION,0.1988055408000946,0.3083711564540863,0.0763453021645546,0.27776800096035004
SELF_CHECKING,0.7321879218022028,0.546775609254837,0.4856579005718231,0.7459018429120382
UNCERTAINTY_MANAGEMENT,0.6227858006954193,0.4923495538532734,0.7120595216751099,0.5605282485485077
