stage,0,1,2,3
ACTIVE_COMPUTATION,0.21722584065049888,0.24895395309879229,0.28448664397001266,0.23637765273451805
FACT_RETRIEVAL,0.32529865440301364,0.2577322454828965,0.41408550428847474,0.36588898272468495
FINAL_ANSWER_EMISSION,0.5252870470285416,0.09300944898086527,0.5993318557739258,0.050489798188209534
PLAN_GENERATION,0.4832325081030528,0.5151546398798624,0.26122870901599526,0.33705398589372637
PROBLEM_SETUP,0.19592393934726715,0.19042250514030457,0.49529097477595013,0.3140252321958542
RESULT_CONSOLIDATION,0.27776800096035004,0.1988055408000946,0.33431974053382874,0.1450377255678177
SELF_CHECKING,0.7459018429120382,0.6975752711296082,0.49135980010032654,0.7508703470230103
UNCERTAINTY_MANAGEMENT,0.569635272026062,0.45669906338055927,0.6514526247978211,0.6916161894798278
